"id","attr","bbox","metadata","name","type","summary_id","wfs_endpoint","wfs_typename","wms_endpoint","wms_layers"
"C62afGP","RSLR","[B@1f0b33ad","http://cida.usgs.gov/qa/coastalhazards/csw/?service=CSW&request=GetRecordById&version=2.0.2&typeNames=fgdc:metadata&id=urn:uuid:92a0c174-ec2a-11e2-a3ac-0050569544e0&outputSchema=http://www.opengis.net/cat/csw/csdgm&elementSetName=full","Bayesian","vulnerability","1985","http://coastalmap.marine.usgs.gov/cmgp/National/slc_Bayes_WFS/MapServer/WFSServer","National_slc_Bayes_WFS:Atlantic_Bayes_SLC_Prediction","http://coastalmap.marine.usgs.gov/cmgp/National/slc_Bayes_WFS/MapServer/WMSServer","0"
"C62agdP","MWH","[B@186db2c7","http://cida.usgs.gov/qa/coastalhazards/csw/?service=CSW&request=GetRecordById&version=2.0.2&typeNames=fgdc:metadata&id=urn:uuid:92a0c174-ec2a-11e2-a3ac-0050569544e0&outputSchema=http://www.opengis.net/cat/csw/csdgm&elementSetName=full","Bayesian","vulnerability","1989","http://coastalmap.marine.usgs.gov/cmgp/National/slc_Bayes_WFS/MapServer/WFSServer","National_slc_Bayes_WFS:Atlantic_Bayes_SLC_Prediction","http://coastalmap.marine.usgs.gov/cmgp/National/slc_Bayes_WFS/MapServer/WMSServer","0"
"C62agGw","TR","[B@49f43358","http://cida.usgs.gov/qa/coastalhazards/csw/?service=CSW&request=GetRecordById&version=2.0.2&typeNames=fgdc:metadata&id=urn:uuid:92a0c174-ec2a-11e2-a3ac-0050569544e0&outputSchema=http://www.opengis.net/cat/csw/csdgm&elementSetName=full","Bayesian","vulnerability","1993","http://coastalmap.marine.usgs.gov/cmgp/National/slc_Bayes_WFS/MapServer/WFSServer","National_slc_Bayes_WFS:Atlantic_Bayes_SLC_Prediction","http://coastalmap.marine.usgs.gov/cmgp/National/slc_Bayes_WFS/MapServer/WMSServer","0"
"C62ahaX","E_Rate","[B@3f56fc56","http://cida.usgs.gov/qa/coastalhazards/csw/?service=CSW&request=GetRecordById&version=2.0.2&typeNames=fgdc:metadata&id=urn:uuid:92a0c174-ec2a-11e2-a3ac-0050569544e0&outputSchema=http://www.opengis.net/cat/csw/csdgm&elementSetName=full","Bayesian","vulnerability","1997","http://coastalmap.marine.usgs.gov/cmgp/National/slc_Bayes_WFS/MapServer/WFSServer","National_slc_Bayes_WFS:Atlantic_Bayes_SLC_Prediction","http://coastalmap.marine.usgs.gov/cmgp/National/slc_Bayes_WFS/MapServer/WMSServer","0"
"C62ahBf","PEros2","[B@67d09296","http://cida.usgs.gov/qa/coastalhazards/csw/?service=CSW&request=GetRecordById&version=2.0.2&typeNames=fgdc:metadata&id=urn:uuid:92a0c174-ec2a-11e2-a3ac-0050569544e0&outputSchema=http://www.opengis.net/cat/csw/csdgm&elementSetName=full","Bayesian","vulnerability","2001","http://coastalmap.marine.usgs.gov/cmgp/National/slc_Bayes_WFS/MapServer/WFSServer","National_slc_Bayes_WFS:Atlantic_Bayes_SLC_Prediction","http://coastalmap.marine.usgs.gov/cmgp/National/slc_Bayes_WFS/MapServer/WMSServer","0"
"C62ai8N","pEros1","[B@2e47eb19","http://cida.usgs.gov/qa/coastalhazards/csw/?service=CSW&request=GetRecordById&version=2.0.2&typeNames=fgdc:metadata&id=urn:uuid:92a0c174-ec2a-11e2-a3ac-0050569544e0&outputSchema=http://www.opengis.net/cat/csw/csdgm&elementSetName=full","Bayesian","vulnerability","2005","http://coastalmap.marine.usgs.gov/cmgp/National/slc_Bayes_WFS/MapServer/WFSServer","National_slc_Bayes_WFS:Atlantic_Bayes_SLC_Prediction","http://coastalmap.marine.usgs.gov/cmgp/National/slc_Bayes_WFS/MapServer/WMSServer","0"
"C62aiCb","pStable","[B@739bce0b","http://cida.usgs.gov/qa/coastalhazards/csw/?service=CSW&request=GetRecordById&version=2.0.2&typeNames=fgdc:metadata&id=urn:uuid:92a0c174-ec2a-11e2-a3ac-0050569544e0&outputSchema=http://www.opengis.net/cat/csw/csdgm&elementSetName=full","Bayesian","vulnerability","2009","http://coastalmap.marine.usgs.gov/cmgp/National/slc_Bayes_WFS/MapServer/WFSServer","National_slc_Bayes_WFS:Atlantic_Bayes_SLC_Prediction","http://coastalmap.marine.usgs.gov/cmgp/National/slc_Bayes_WFS/MapServer/WMSServer","0"
"C62aj5p","pAcc1","[B@79f46f78","http://cida.usgs.gov/qa/coastalhazards/csw/?service=CSW&request=GetRecordById&version=2.0.2&typeNames=fgdc:metadata&id=urn:uuid:92a0c174-ec2a-11e2-a3ac-0050569544e0&outputSchema=http://www.opengis.net/cat/csw/csdgm&elementSetName=full","Bayesian","vulnerability","2013","http://coastalmap.marine.usgs.gov/cmgp/National/slc_Bayes_WFS/MapServer/WFSServer","National_slc_Bayes_WFS:Atlantic_Bayes_SLC_Prediction","http://coastalmap.marine.usgs.gov/cmgp/National/slc_Bayes_WFS/MapServer/WMSServer","0"
"C62ajw1","pAcc2","[B@1ec26dd5","http://cida.usgs.gov/qa/coastalhazards/csw/?service=CSW&request=GetRecordById&version=2.0.2&typeNames=fgdc:metadata&id=urn:uuid:92a0c174-ec2a-11e2-a3ac-0050569544e0&outputSchema=http://www.opengis.net/cat/csw/csdgm&elementSetName=full","Bayesian","vulnerability","2017","http://coastalmap.marine.usgs.gov/cmgp/National/slc_Bayes_WFS/MapServer/WFSServer","National_slc_Bayes_WFS:Atlantic_Bayes_SLC_Prediction","http://coastalmap.marine.usgs.gov/cmgp/National/slc_Bayes_WFS/MapServer/WMSServer","0"
"C62bVoS","DHIGH","[B@6eb8cab9","http://cida.usgs.gov/qa/coastalhazards/csw/?service=CSW&request=GetRecordById&version=2.0.2&typeNames=fgdc:metadata&id=urn:uuid:54b80ed4-ec2b-11e2-9cf4-0050569544e0&outputSchema=http://www.opengis.net/cat/csw/csdgm&elementSetName=full","Gulf of Mexico","storms","2031","http://olga.er.usgs.gov/stpgis/services/Vulnerability/GOM_erosion_hazards/MapServer/WFSServer","GOM_erosion_hazards:Gulf_of_Mexico_Erosion_Hazards","http://olga.er.usgs.gov/stpgis/services/Vulnerability/GOM_erosion_hazards/MapServer/WMSServer","0"
"C62bVVr","DLOW","[B@26057079","http://cida.usgs.gov/qa/coastalhazards/csw/?service=CSW&request=GetRecordById&version=2.0.2&typeNames=fgdc:metadata&id=urn:uuid:54b80ed4-ec2b-11e2-9cf4-0050569544e0&outputSchema=http://www.opengis.net/cat/csw/csdgm&elementSetName=full","Gulf of Mexico","storms","2035","http://olga.er.usgs.gov/stpgis/services/Vulnerability/GOM_erosion_hazards/MapServer/WFSServer","GOM_erosion_hazards:Gulf_of_Mexico_Erosion_Hazards","http://olga.er.usgs.gov/stpgis/services/Vulnerability/GOM_erosion_hazards/MapServer/WMSServer","0"
"C62c3Sp","PCOL1","[B@2f1b2b6f","http://cida.usgs.gov/qa/coastalhazards/csw/?service=CSW&request=GetRecordById&version=2.0.2&typeNames=fgdc:metadata&id=urn:uuid:54b80ed4-ec2b-11e2-9cf4-0050569544e0&outputSchema=http://www.opengis.net/cat/csw/csdgm&elementSetName=full","Gulf of Mexico","storms","2095","http://olga.er.usgs.gov/stpgis/services/Vulnerability/GOM_erosion_hazards/MapServer/WFSServer","GOM_erosion_hazards:Gulf_of_Mexico_Erosion_Hazards","http://olga.er.usgs.gov/stpgis/services/Vulnerability/GOM_erosion_hazards/MapServer/WMSServer","0"
"C62c4hA","PCOL2","[B@20c09c92","http://cida.usgs.gov/qa/coastalhazards/csw/?service=CSW&request=GetRecordById&version=2.0.2&typeNames=fgdc:metadata&id=urn:uuid:54b80ed4-ec2b-11e2-9cf4-0050569544e0&outputSchema=http://www.opengis.net/cat/csw/csdgm&elementSetName=full","Gulf of Mexico","storms","2099","http://olga.er.usgs.gov/stpgis/services/Vulnerability/GOM_erosion_hazards/MapServer/WFSServer","GOM_erosion_hazards:Gulf_of_Mexico_Erosion_Hazards","http://olga.er.usgs.gov/stpgis/services/Vulnerability/GOM_erosion_hazards/MapServer/WMSServer","0"
"C62c4KB","PCOL3","[B@4567460a","http://cida.usgs.gov/qa/coastalhazards/csw/?service=CSW&request=GetRecordById&version=2.0.2&typeNames=fgdc:metadata&id=urn:uuid:54b80ed4-ec2b-11e2-9cf4-0050569544e0&outputSchema=http://www.opengis.net/cat/csw/csdgm&elementSetName=full","Gulf of Mexico","storms","2103","http://olga.er.usgs.gov/stpgis/services/Vulnerability/GOM_erosion_hazards/MapServer/WFSServer","GOM_erosion_hazards:Gulf_of_Mexico_Erosion_Hazards","http://olga.er.usgs.gov/stpgis/services/Vulnerability/GOM_erosion_hazards/MapServer/WMSServer","0"
"C62c5dw","PCOL4","[B@7f275e1e","http://cida.usgs.gov/qa/coastalhazards/csw/?service=CSW&request=GetRecordById&version=2.0.2&typeNames=fgdc:metadata&id=urn:uuid:54b80ed4-ec2b-11e2-9cf4-0050569544e0&outputSchema=http://www.opengis.net/cat/csw/csdgm&elementSetName=full","Gulf of Mexico","storms","2107","http://olga.er.usgs.gov/stpgis/services/Vulnerability/GOM_erosion_hazards/MapServer/WFSServer","GOM_erosion_hazards:Gulf_of_Mexico_Erosion_Hazards","http://olga.er.usgs.gov/stpgis/services/Vulnerability/GOM_erosion_hazards/MapServer/WMSServer","0"
"C62c5FY","POVW1","[B@719444c9","http://cida.usgs.gov/qa/coastalhazards/csw/?service=CSW&request=GetRecordById&version=2.0.2&typeNames=fgdc:metadata&id=urn:uuid:54b80ed4-ec2b-11e2-9cf4-0050569544e0&outputSchema=http://www.opengis.net/cat/csw/csdgm&elementSetName=full","Gulf of Mexico","storms","2111","http://olga.er.usgs.gov/stpgis/services/Vulnerability/GOM_erosion_hazards/MapServer/WFSServer","GOM_erosion_hazards:Gulf_of_Mexico_Erosion_Hazards","http://olga.er.usgs.gov/stpgis/services/Vulnerability/GOM_erosion_hazards/MapServer/WMSServer","0"
"C62c6cD","POVW2","[B@3d302260","http://cida.usgs.gov/qa/coastalhazards/csw/?service=CSW&request=GetRecordById&version=2.0.2&typeNames=fgdc:metadata&id=urn:uuid:54b80ed4-ec2b-11e2-9cf4-0050569544e0&outputSchema=http://www.opengis.net/cat/csw/csdgm&elementSetName=full","Gulf of Mexico","storms","2115","http://olga.er.usgs.gov/stpgis/services/Vulnerability/GOM_erosion_hazards/MapServer/WFSServer","GOM_erosion_hazards:Gulf_of_Mexico_Erosion_Hazards","http://olga.er.usgs.gov/stpgis/services/Vulnerability/GOM_erosion_hazards/MapServer/WMSServer","0"
"C6ftEXx","SLOPERISK","[B@2320ec02","http://cida.usgs.gov/qa/coastalhazards/csw/?service=CSW&request=GetRecordById&version=2.0.2&typeNames=fgdc:metadata&id=urn:uuid:77de6f84-ed89-11e2-8a16-0050569544e0&outputSchema=http://www.opengis.net/cat/csw/csdgm&elementSetName=full","Pacific CVI old school ","vulnerability","3169","http://coastalmap.marine.usgs.gov/cmgp/National/cvi_WFS/MapServer/WFSServer","National_cvi_WFS:pacific_cvi","http://coastalmap.marine.usgs.gov/cmgp/National/cvi_WFS/MapServer/WMSServer","0"
"C6ftFmF","TIDERISK","[B@46668952","http://cida.usgs.gov/qa/coastalhazards/csw/?service=CSW&request=GetRecordById&version=2.0.2&typeNames=fgdc:metadata&id=urn:uuid:77de6f84-ed89-11e2-8a16-0050569544e0&outputSchema=http://www.opengis.net/cat/csw/csdgm&elementSetName=full","Pacific CVI old school ","vulnerability","3173","http://coastalmap.marine.usgs.gov/cmgp/National/cvi_WFS/MapServer/WFSServer","National_cvi_WFS:pacific_cvi","http://coastalmap.marine.usgs.gov/cmgp/National/cvi_WFS/MapServer/WMSServer","0"
"C6ftFJi","WAVERISK","[B@75c18a99","http://cida.usgs.gov/qa/coastalhazards/csw/?service=CSW&request=GetRecordById&version=2.0.2&typeNames=fgdc:metadata&id=urn:uuid:77de6f84-ed89-11e2-8a16-0050569544e0&outputSchema=http://www.opengis.net/cat/csw/csdgm&elementSetName=full","Pacific CVI old school ","vulnerability","3177","http://coastalmap.marine.usgs.gov/cmgp/National/cvi_WFS/MapServer/WFSServer","National_cvi_WFS:pacific_cvi","http://coastalmap.marine.usgs.gov/cmgp/National/cvi_WFS/MapServer/WMSServer","0"
"C6ftG7a","ERRRISK","[B@75727f34","http://cida.usgs.gov/qa/coastalhazards/csw/?service=CSW&request=GetRecordById&version=2.0.2&typeNames=fgdc:metadata&id=urn:uuid:77de6f84-ed89-11e2-8a16-0050569544e0&outputSchema=http://www.opengis.net/cat/csw/csdgm&elementSetName=full","Pacific CVI old school ","vulnerability","3181","http://coastalmap.marine.usgs.gov/cmgp/National/cvi_WFS/MapServer/WFSServer","National_cvi_WFS:pacific_cvi","http://coastalmap.marine.usgs.gov/cmgp/National/cvi_WFS/MapServer/WMSServer","0"
"C6ftGu2","CVIRISK","[B@2ffd6b29","http://cida.usgs.gov/qa/coastalhazards/csw/?service=CSW&request=GetRecordById&version=2.0.2&typeNames=fgdc:metadata&id=urn:uuid:77de6f84-ed89-11e2-8a16-0050569544e0&outputSchema=http://www.opengis.net/cat/csw/csdgm&elementSetName=full","Pacific CVI old school ","vulnerability","3185","http://coastalmap.marine.usgs.gov/cmgp/National/cvi_WFS/MapServer/WFSServer","National_cvi_WFS:GulfofMexico_CVI","http://coastalmap.marine.usgs.gov/cmgp/National/cvi_WFS/MapServer/WMSServer","0"
"C6kHAGC","LRR","[B@2686695c","http://cida.usgs.gov/qa/coastalhazards/csw/?service=CSW&request=GetRecordById&version=2.0.2&typeNames=fgdc:metadata&id=urn:uuid:891d056e-ee13-11e2-9cf4-0050569544e0&outputSchema=http://www.opengis.net/cat/csw/csdgm&elementSetName=full","Cape Cod","historical","3758","http://cida.usgs.gov/qa/DSASweb/geoserver/ows","gov.usgs.cida.ch.published:CapeCod_LT","http://cida.usgs.gov/qa/DSASweb/geoserver/ows","published:CapeCod_LT"
"C6ftakc","TIDERISK","[B@426f2ac6","http://cida.usgs.gov/qa/coastalhazards/csw/?service=CSW&request=GetRecordById&version=2.0.2&typeNames=fgdc:metadata&id=urn:uuid:3c795bb6-ed89-11e2-a3ac-0050569544e0&outputSchema=http://www.opengis.net/cat/csw/csdgm&elementSetName=full","Gulf CVI old school ","vulnerability","3141","http://coastalmap.marine.usgs.gov/cmgp/National/cvi_WFS/MapServer/WFSServer","National_cvi_WFS:GulfofMexico_CVI","http://coastalmap.marine.usgs.gov/cmgp/National/cvi_WFS/MapServer/WMSServer","1"
"C6ftaKL","SLOPERISK","[B@10614f3d","http://cida.usgs.gov/qa/coastalhazards/csw/?service=CSW&request=GetRecordById&version=2.0.2&typeNames=fgdc:metadata&id=urn:uuid:3c795bb6-ed89-11e2-a3ac-0050569544e0&outputSchema=http://www.opengis.net/cat/csw/csdgm&elementSetName=full","Gulf CVI old school ","vulnerability","3145","http://coastalmap.marine.usgs.gov/cmgp/National/cvi_WFS/MapServer/WFSServer","National_cvi_WFS:GulfofMexico_CVI","http://coastalmap.marine.usgs.gov/cmgp/National/cvi_WFS/MapServer/WMSServer","1"
"C6ftb9f","ERRRISK","[B@64993631","http://cida.usgs.gov/qa/coastalhazards/csw/?service=CSW&request=GetRecordById&version=2.0.2&typeNames=fgdc:metadata&id=urn:uuid:3c795bb6-ed89-11e2-a3ac-0050569544e0&outputSchema=http://www.opengis.net/cat/csw/csdgm&elementSetName=full","Gulf CVI old school ","vulnerability","3149","http://coastalmap.marine.usgs.gov/cmgp/National/cvi_WFS/MapServer/WFSServer","National_cvi_WFS:GulfofMexico_CVI","http://coastalmap.marine.usgs.gov/cmgp/National/cvi_WFS/MapServer/WMSServer","1"
"C6ftbw4","SLRISK","[B@6b4fe90","http://cida.usgs.gov/qa/coastalhazards/csw/?service=CSW&request=GetRecordById&version=2.0.2&typeNames=fgdc:metadata&id=urn:uuid:3c795bb6-ed89-11e2-a3ac-0050569544e0&outputSchema=http://www.opengis.net/cat/csw/csdgm&elementSetName=full","Gulf CVI old school ","vulnerability","3153","http://coastalmap.marine.usgs.gov/cmgp/National/cvi_WFS/MapServer/WFSServer","National_cvi_WFS:GulfofMexico_CVI","http://coastalmap.marine.usgs.gov/cmgp/National/cvi_WFS/MapServer/WMSServer","1"
"C6ftbTE","WAVERISK","[B@54b4a360","http://cida.usgs.gov/qa/coastalhazards/csw/?service=CSW&request=GetRecordById&version=2.0.2&typeNames=fgdc:metadata&id=urn:uuid:3c795bb6-ed89-11e2-a3ac-0050569544e0&outputSchema=http://www.opengis.net/cat/csw/csdgm&elementSetName=full","Gulf CVI old school ","vulnerability","3157","http://coastalmap.marine.usgs.gov/cmgp/National/cvi_WFS/MapServer/WFSServer","National_cvi_WFS:GulfofMexico_CVI","http://coastalmap.marine.usgs.gov/cmgp/National/cvi_WFS/MapServer/WMSServer","1"
"C6ftcgo","CVIRISK","[B@1f521f12","http://cida.usgs.gov/qa/coastalhazards/csw/?service=CSW&request=GetRecordById&version=2.0.2&typeNames=fgdc:metadata&id=urn:uuid:3c795bb6-ed89-11e2-a3ac-0050569544e0&outputSchema=http://www.opengis.net/cat/csw/csdgm&elementSetName=full","Gulf CVI old school ","vulnerability","3161","http://coastalmap.marine.usgs.gov/cmgp/National/cvi_WFS/MapServer/WFSServer","National_cvi_WFS:GulfofMexico_CVI","http://coastalmap.marine.usgs.gov/cmgp/National/cvi_WFS/MapServer/WMSServer","1"
"C6fu2d7","TIDERISK","[B@4875e6ce","http://cida.usgs.gov/qa/coastalhazards/csw/?service=CSW&request=GetRecordById&version=2.0.2&typeNames=fgdc:metadata&id=urn:uuid:a07fc276-ed89-11e2-9cf4-0050569544e0&outputSchema=http://www.opengis.net/cat/csw/csdgm&elementSetName=full","Atlantic CVI old school ","vulnerability","3191","http://coastalmap.marine.usgs.gov/cmgp/National/cvi_WFS/MapServer/WFSServer","National_cvi_WFS:atlantic_cvi","http://coastalmap.marine.usgs.gov/cmgp/National/cvi_WFS/MapServer/WMSServer","2"
"C6fu2AR","SLOPERISK","[B@3484038c","http://cida.usgs.gov/qa/coastalhazards/csw/?service=CSW&request=GetRecordById&version=2.0.2&typeNames=fgdc:metadata&id=urn:uuid:a07fc276-ed89-11e2-9cf4-0050569544e0&outputSchema=http://www.opengis.net/cat/csw/csdgm&elementSetName=full","Atlantic CVI old school ","vulnerability","3195","http://coastalmap.marine.usgs.gov/cmgp/National/cvi_WFS/MapServer/WFSServer","National_cvi_WFS:atlantic_cvi","http://coastalmap.marine.usgs.gov/cmgp/National/cvi_WFS/MapServer/WMSServer","2"
"C6fu2ZY","ERRRISK","[B@4704f743","http://cida.usgs.gov/qa/coastalhazards/csw/?service=CSW&request=GetRecordById&version=2.0.2&typeNames=fgdc:metadata&id=urn:uuid:a07fc276-ed89-11e2-9cf4-0050569544e0&outputSchema=http://www.opengis.net/cat/csw/csdgm&elementSetName=full","Atlantic CVI old school ","vulnerability","3199","http://coastalmap.marine.usgs.gov/cmgp/National/cvi_WFS/MapServer/WFSServer","National_cvi_WFS:atlantic_cvi","http://coastalmap.marine.usgs.gov/cmgp/National/cvi_WFS/MapServer/WMSServer","2"
"C6fu3nL","SLRISK","[B@17057422","http://cida.usgs.gov/qa/coastalhazards/csw/?service=CSW&request=GetRecordById&version=2.0.2&typeNames=fgdc:metadata&id=urn:uuid:a07fc276-ed89-11e2-9cf4-0050569544e0&outputSchema=http://www.opengis.net/cat/csw/csdgm&elementSetName=full","Atlantic CVI old school ","vulnerability","3203","http://coastalmap.marine.usgs.gov/cmgp/National/cvi_WFS/MapServer/WFSServer","National_cvi_WFS:atlantic_cvi","http://coastalmap.marine.usgs.gov/cmgp/National/cvi_WFS/MapServer/WMSServer","2"
"C6fu3Lt","WAVERISK","[B@670b6ffc","http://cida.usgs.gov/qa/coastalhazards/csw/?service=CSW&request=GetRecordById&version=2.0.2&typeNames=fgdc:metadata&id=urn:uuid:a07fc276-ed89-11e2-9cf4-0050569544e0&outputSchema=http://www.opengis.net/cat/csw/csdgm&elementSetName=full","Atlantic CVI old school ","vulnerability","3207","http://coastalmap.marine.usgs.gov/cmgp/National/cvi_WFS/MapServer/WFSServer","National_cvi_WFS:atlantic_cvi","http://coastalmap.marine.usgs.gov/cmgp/National/cvi_WFS/MapServer/WMSServer","2"
"C6fu499","CVIRISK","[B@1fe53e3e","http://cida.usgs.gov/qa/coastalhazards/csw/?service=CSW&request=GetRecordById&version=2.0.2&typeNames=fgdc:metadata&id=urn:uuid:a07fc276-ed89-11e2-9cf4-0050569544e0&outputSchema=http://www.opengis.net/cat/csw/csdgm&elementSetName=full","Atlantic CVI old school ","vulnerability","3211","http://coastalmap.marine.usgs.gov/cmgp/National/cvi_WFS/MapServer/WFSServer","National_cvi_WFS:atlantic_cvi","http://coastalmap.marine.usgs.gov/cmgp/National/cvi_WFS/MapServer/WMSServer","2"
"C6tYFnz","Date_","[B@35968ce","http://cida.usgs.gov/qa/coastalhazards/csw/?service=CSW&request=GetRecordById&version=2.0.2&typeNames=fgdc:metadata&id=urn:uuid:2c18404c-eeed-11e2-9cf4-0050569544e0&outputSchema=http://www.opengis.net/cat/csw/csdgm&elementSetName=full","NewJerseyS_shorelines","historical","4157","http://cida.usgs.gov/qa/DSASweb/geoserver/ows","gov.usgs.cida.ch.published:CapeCod_shorelines","http://cida.usgs.gov/qa/DSASweb/geoserver/ows","e399235F4-2280-4CD0-830B-8EB60EBFC8E8:CapeCod_shorelines"
"C6tYHCn","Date_","[B@62efae19","http://cida.usgs.gov/qa/coastalhazards/csw/?service=CSW&request=GetRecordById&version=2.0.2&typeNames=fgdc:metadata&id=urn:uuid:30a8e33c-eeed-11e2-83d8-0050569544e0&outputSchema=http://www.opengis.net/cat/csw/csdgm&elementSetName=full","NewJerseyS_shorelines","historical","4161","http://cida.usgs.gov/qa/DSASweb/geoserver/ows","gov.usgs.cida.ch.published:CapeCod_shorelines","http://cida.usgs.gov/qa/DSASweb/geoserver/ows","e399235F4-2280-4CD0-830B-8EB60EBFC8E8:CapeCod_shorelines"
"C6g886i","LRR","[B@658f1e0d","http://cida.usgs.gov/qa/coastalhazards/csw/?service=CSW&request=GetRecordById&version=2.0.2&typeNames=fgdc:metadata&id=urn:uuid:7b3fa10a-ed9a-11e2-83d8-0050569544e0&outputSchema=http://www.opengis.net/cat/csw/csdgm&elementSetName=full","rates","historical","3339","http://cida.usgs.gov/qa/DSASweb/geoserver/ows","gov.usgs.cida.ch.published:NewEnglandN_LT","http://cida.usgs.gov/qa/DSASweb/geoserver/ows","published:NewEnglandN_LT"
"C6gaNuy","LRR","[B@16fe1b92","http://cida.usgs.gov/qa/coastalhazards/csw/?service=CSW&request=GetRecordById&version=2.0.2&typeNames=fgdc:metadata&id=urn:uuid:b2dd2f82-ed9b-11e2-8a16-0050569544e0&outputSchema=http://www.opengis.net/cat/csw/csdgm&elementSetName=full","rates","historical","3385","http://cida.usgs.gov/qa/DSASweb/geoserver/ows","gov.usgs.cida.ch.published:DelmarvaN_LT","http://cida.usgs.gov/qa/DSASweb/geoserver/ows","published:DelmarvaN_LT"
"C6g92eE","LRR","[B@4c41a09","http://cida.usgs.gov/qa/coastalhazards/csw/?service=CSW&request=GetRecordById&version=2.0.2&typeNames=fgdc:metadata&id=urn:uuid:e3cd8dd6-ed9a-11e2-a3ac-0050569544e0&outputSchema=http://www.opengis.net/cat/csw/csdgm&elementSetName=full","rates","historical","3345","http://cida.usgs.gov/qa/DSASweb/geoserver/ows","gov.usgs.cida.ch.published:DelmarvaS_SVA_LT","http://cida.usgs.gov/qa/DSASweb/geoserver/ows","published:DelmarvaS_SVA_LT"
"C66LG4n","DATE_","[B@66894750","http://cida.usgs.gov/qa/coastalhazards/csw/?service=CSW&request=GetRecordById&version=2.0.2&typeNames=fgdc:metadata&id=urn:uuid:108c9cec-eca4-11e2-9cf4-0050569544e0&outputSchema=http://www.opengis.net/cat/csw/csdgm&elementSetName=full","Kauai","historical","2482","http://cida.usgs.gov/DSASweb/geoserver/ows","gov.usgs.cida.ch.e399235F4-2280-4CD0-830B-8EB60EBFC8E8:KauaiE_shorelines","http://cida.usgs.gov/DSASweb/geoserver/ows","published:KauaiE_shorelines"
"C62aNmJ","Date_","[B@3ea909c7","http://cida.usgs.gov/qa/coastalhazards/csw/?service=CSW&request=GetRecordById&version=2.0.2&typeNames=fgdc:metadata&id=urn:uuid:d253558e-ec2a-11e2-8a16-0050569544e0&outputSchema=http://www.opengis.net/cat/csw/csdgm&elementSetName=full","New Jersey shorelines","historical","2024","http://cida.usgs.gov/DSASweb/geoserver/published/ows","gov.usgs.cida.ch.published:NewJerseyN_shorelines","http://cida.usgs.gov/DSASweb/geoserver/published/ows","published:NewJerseyN_shorelines"
"C67kPYv","PCOL","[B@4bc107f4","http://cida.usgs.gov/qa/coastalhazards/csw/?service=CSW&request=GetRecordById&version=2.0.2&typeNames=fgdc:metadata&id=urn:uuid:1b4aa94e-ecb3-11e2-8a16-0050569544e0&outputSchema=http://www.opengis.net/cat/csw/csdgm&elementSetName=full","Sandy Randy","storms","2538","http://olga.er.usgs.gov/stpgis/services/Sandy/Sandy_potential_erosion_hazards/MapServer/WFSServer","Sandy_potential_erosion_hazards:Hurricane_Sandy_Potential_Erosion_Hazards","http://olga.er.usgs.gov/stpgis/services/Sandy/Sandy_potential_erosion_hazards/MapServer/WMSServer","0"
"C67kQoQ","POVW","[B@6df14b06","http://cida.usgs.gov/qa/coastalhazards/csw/?service=CSW&request=GetRecordById&version=2.0.2&typeNames=fgdc:metadata&id=urn:uuid:1b4aa94e-ecb3-11e2-8a16-0050569544e0&outputSchema=http://www.opengis.net/cat/csw/csdgm&elementSetName=full","Sandy Randy","storms","2542","http://olga.er.usgs.gov/stpgis/services/Sandy/Sandy_potential_erosion_hazards/MapServer/WFSServer","Sandy_potential_erosion_hazards:Hurricane_Sandy_Potential_Erosion_Hazards","http://olga.er.usgs.gov/stpgis/services/Sandy/Sandy_potential_erosion_hazards/MapServer/WMSServer","0"
"C67kRjP","MEAN","[B@7c74af4d","http://cida.usgs.gov/qa/coastalhazards/csw/?service=CSW&request=GetRecordById&version=2.0.2&typeNames=fgdc:metadata&id=urn:uuid:1b4aa94e-ecb3-11e2-8a16-0050569544e0&outputSchema=http://www.opengis.net/cat/csw/csdgm&elementSetName=full","Sandy Randy","storms","2550","http://olga.er.usgs.gov/stpgis/services/Sandy/Sandy_potential_erosion_hazards/MapServer/WFSServer","Sandy_potential_erosion_hazards:Hurricane_Sandy_Potential_Erosion_Hazards","http://olga.er.usgs.gov/stpgis/services/Sandy/Sandy_potential_erosion_hazards/MapServer/WMSServer","0"
"C67kRQ2","EXTREME","[B@50a12810","http://cida.usgs.gov/qa/coastalhazards/csw/?service=CSW&request=GetRecordById&version=2.0.2&typeNames=fgdc:metadata&id=urn:uuid:1b4aa94e-ecb3-11e2-8a16-0050569544e0&outputSchema=http://www.opengis.net/cat/csw/csdgm&elementSetName=full","Sandy Randy","storms","2554","http://olga.er.usgs.gov/stpgis/services/Sandy/Sandy_potential_erosion_hazards/MapServer/WFSServer","Sandy_potential_erosion_hazards:Hurricane_Sandy_Potential_Erosion_Hazards","http://olga.er.usgs.gov/stpgis/services/Sandy/Sandy_potential_erosion_hazards/MapServer/WMSServer","0"
"C67pzz9","DHIGH","[B@44d5bcb","http://cida.usgs.gov/qa/coastalhazards/csw/?service=CSW&request=GetRecordById&version=2.0.2&typeNames=fgdc:metadata&id=urn:uuid:d1c5da6c-ecb4-11e2-9cf4-0050569544e0&outputSchema=http://www.opengis.net/cat/csw/csdgm&elementSetName=full","Sandy Randy","storms","2576","http://olga.er.usgs.gov/stpgis/services/Sandy/Sandy_potential_erosion_hazards/MapServer/WFSServer","Sandy_potential_erosion_hazards:Hurricane_Sandy_Potential_Erosion_Hazards","http://olga.er.usgs.gov/stpgis/services/Sandy/Sandy_potential_erosion_hazards/MapServer/WMSServer","0"
"C67pBhx","DLOW","[B@72c56ea1","http://cida.usgs.gov/qa/coastalhazards/csw/?service=CSW&request=GetRecordById&version=2.0.2&typeNames=fgdc:metadata&id=urn:uuid:d1c5da6c-ecb4-11e2-9cf4-0050569544e0&outputSchema=http://www.opengis.net/cat/csw/csdgm&elementSetName=full","Sandy Randy","storms","2580","http://olga.er.usgs.gov/stpgis/services/Sandy/Sandy_potential_erosion_hazards/MapServer/WFSServer","Sandy_potential_erosion_hazards:Hurricane_Sandy_Potential_Erosion_Hazards","http://olga.er.usgs.gov/stpgis/services/Sandy/Sandy_potential_erosion_hazards/MapServer/WMSServer","0"
"C6g9i3i","LRR","[B@7fe246e4","http://cida.usgs.gov/qa/coastalhazards/csw/?service=CSW&request=GetRecordById&version=2.0.2&typeNames=fgdc:metadata&id=urn:uuid:038122fa-ed9b-11e2-8a16-0050569544e0&outputSchema=http://www.opengis.net/cat/csw/csdgm&elementSetName=full","rates","historical","3351","http://cida.usgs.gov/qa/DSASweb/geoserver/ows","gov.usgs.cida.ch.published:LongIsland_LT","http://cida.usgs.gov/qa/DSASweb/geoserver/ows","published:LongIsland_LT"
"C6g9HwN","LRR","[B@609c6453","http://cida.usgs.gov/qa/coastalhazards/csw/?service=CSW&request=GetRecordById&version=2.0.2&typeNames=fgdc:metadata&id=urn:uuid:34940bbe-ed9b-11e2-83d8-0050569544e0&outputSchema=http://www.opengis.net/cat/csw/csdgm&elementSetName=full","rates","historical","3362","http://cida.usgs.gov/qa/DSASweb/geoserver/ows","gov.usgs.cida.ch.published:NewEnglandS_LT","http://cida.usgs.gov/qa/DSASweb/geoserver/ows","published:NewEnglandS_LT"
"C6g9umw","LRR","[B@3b7eb6b2","http://cida.usgs.gov/qa/coastalhazards/csw/?service=CSW&request=GetRecordById&version=2.0.2&typeNames=fgdc:metadata&id=urn:uuid:1a2a46e4-ed9b-11e2-9cf4-0050569544e0&outputSchema=http://www.opengis.net/cat/csw/csdgm&elementSetName=full","rates","historical","3357","http://cida.usgs.gov/qa/DSASweb/geoserver/ows","gov.usgs.cida.ch.published:MA_Islands_LT","http://cida.usgs.gov/qa/DSASweb/geoserver/ows","published:MA_Islands_LT"
"C6g9ZPZ","LRR","[B@7c0c7ea1","http://cida.usgs.gov/qa/coastalhazards/csw/?service=CSW&request=GetRecordById&version=2.0.2&typeNames=fgdc:metadata&id=urn:uuid:552b597c-ed9b-11e2-a3ac-0050569544e0&outputSchema=http://www.opengis.net/cat/csw/csdgm&elementSetName=full","rates","historical","3368","http://cida.usgs.gov/qa/DSASweb/geoserver/ows","gov.usgs.cida.ch.published:NewJerseyS_LT","http://cida.usgs.gov/qa/DSASweb/geoserver/ows","published:NewJerseyS_LT"
"C6gbBgU","LRR","[B@184dbba7","http://cida.usgs.gov/qa/coastalhazards/csw/?service=CSW&request=GetRecordById&version=2.0.2&typeNames=fgdc:metadata&id=urn:uuid:10a7a160-ed9c-11e2-83d8-0050569544e0&outputSchema=http://www.opengis.net/cat/csw/csdgm&elementSetName=full","rates","historical","3412","http://cida.usgs.gov/qa/DSASweb/geoserver/ows","gov.usgs.cida.ch.published:GreaterBoston_LT","http://cida.usgs.gov/qa/DSASweb/geoserver/ows","published:GreaterBoston_LT"
"C6d1HLP","EXTREME4","[B@175add68","http://cida.usgs.gov/qa/coastalhazards/csw/?service=CSW&request=GetRecordById&version=2.0.2&typeNames=fgdc:metadata&id=urn:uuid:75ed81ce-ed48-11e2-a3ac-0050569544e0&outputSchema=http://www.opengis.net/cat/csw/csdgm&elementSetName=full","Southeast","storms","2759","http://olga.er.usgs.gov/stpgis/rest/services/Vulnerability/SE_erosion_hazards/MapServer/WFSServer","SE_erosion_hazards:Southeast_Erosion_Hazards","http://olga.er.usgs.gov/stpgis/rest/services/Vulnerability/SE_erosion_hazards/MapServer/WMSServer","0"
"C6d1J6N","EXTREME5","[B@4e7de2d2","http://cida.usgs.gov/qa/coastalhazards/csw/?service=CSW&request=GetRecordById&version=2.0.2&typeNames=fgdc:metadata&id=urn:uuid:75ed81ce-ed48-11e2-a3ac-0050569544e0&outputSchema=http://www.opengis.net/cat/csw/csdgm&elementSetName=full","Southeast","storms","2763","http://olga.er.usgs.gov/stpgis/rest/services/Vulnerability/SE_erosion_hazards/MapServer/WFSServer","SE_erosion_hazards:Southeast_Erosion_Hazards","http://olga.er.usgs.gov/stpgis/rest/services/Vulnerability/SE_erosion_hazards/MapServer/WMSServer","0"
"C6d5Arv","PCOL1","[B@2ab67140","http://cida.usgs.gov/qa/coastalhazards/csw/?service=CSW&request=GetRecordById&version=2.0.2&typeNames=fgdc:metadata&id=urn:uuid:49b6be2a-ed4a-11e2-8a16-0050569544e0&outputSchema=http://www.opengis.net/cat/csw/csdgm&elementSetName=full","Southeast","storms","2788","http://olga.er.usgs.gov/stpgis/services/Vulnerability/SE_erosion_hazards/MapServer/WFSServer","SE_erosion_hazards:Southeast_Erosion_Hazards","http://olga.er.usgs.gov/stpgis/services/Vulnerability/SE_erosion_hazards/MapServer/WMSServer","0"
"C6d5AS5","PCOL2","[B@2fc536a8","http://cida.usgs.gov/qa/coastalhazards/csw/?service=CSW&request=GetRecordById&version=2.0.2&typeNames=fgdc:metadata&id=urn:uuid:49b6be2a-ed4a-11e2-8a16-0050569544e0&outputSchema=http://www.opengis.net/cat/csw/csdgm&elementSetName=full","Southeast","storms","2792","http://olga.er.usgs.gov/stpgis/services/Vulnerability/SE_erosion_hazards/MapServer/WFSServer","SE_erosion_hazards:Southeast_Erosion_Hazards","http://olga.er.usgs.gov/stpgis/services/Vulnerability/SE_erosion_hazards/MapServer/WMSServer","0"
"C6d5Bhw","PCOL3","[B@3c876818","http://cida.usgs.gov/qa/coastalhazards/csw/?service=CSW&request=GetRecordById&version=2.0.2&typeNames=fgdc:metadata&id=urn:uuid:49b6be2a-ed4a-11e2-8a16-0050569544e0&outputSchema=http://www.opengis.net/cat/csw/csdgm&elementSetName=full","Southeast","storms","2796","http://olga.er.usgs.gov/stpgis/services/Vulnerability/SE_erosion_hazards/MapServer/WFSServer","SE_erosion_hazards:Southeast_Erosion_Hazards","http://olga.er.usgs.gov/stpgis/services/Vulnerability/SE_erosion_hazards/MapServer/WMSServer","0"
"C6d5BEx","PCOL4","[B@5dc31eb3","http://cida.usgs.gov/qa/coastalhazards/csw/?service=CSW&request=GetRecordById&version=2.0.2&typeNames=fgdc:metadata&id=urn:uuid:49b6be2a-ed4a-11e2-8a16-0050569544e0&outputSchema=http://www.opengis.net/cat/csw/csdgm&elementSetName=full","Southeast","storms","2800","http://olga.er.usgs.gov/stpgis/services/Vulnerability/SE_erosion_hazards/MapServer/WFSServer","SE_erosion_hazards:Southeast_Erosion_Hazards","http://olga.er.usgs.gov/stpgis/services/Vulnerability/SE_erosion_hazards/MapServer/WMSServer","0"
"C6d5C3k","POVW1","[B@3514a9dc","http://cida.usgs.gov/qa/coastalhazards/csw/?service=CSW&request=GetRecordById&version=2.0.2&typeNames=fgdc:metadata&id=urn:uuid:49b6be2a-ed4a-11e2-8a16-0050569544e0&outputSchema=http://www.opengis.net/cat/csw/csdgm&elementSetName=full","Southeast","storms","2804","http://olga.er.usgs.gov/stpgis/services/Vulnerability/SE_erosion_hazards/MapServer/WFSServer","SE_erosion_hazards:Southeast_Erosion_Hazards","http://olga.er.usgs.gov/stpgis/services/Vulnerability/SE_erosion_hazards/MapServer/WMSServer","0"
"C6d5Cqp","POVW2","[B@5f9bc5bd","http://cida.usgs.gov/qa/coastalhazards/csw/?service=CSW&request=GetRecordById&version=2.0.2&typeNames=fgdc:metadata&id=urn:uuid:49b6be2a-ed4a-11e2-8a16-0050569544e0&outputSchema=http://www.opengis.net/cat/csw/csdgm&elementSetName=full","Southeast","storms","2808","http://olga.er.usgs.gov/stpgis/services/Vulnerability/SE_erosion_hazards/MapServer/WFSServer","SE_erosion_hazards:Southeast_Erosion_Hazards","http://olga.er.usgs.gov/stpgis/services/Vulnerability/SE_erosion_hazards/MapServer/WMSServer","0"
"C6d5CNA","POVW3","[B@6bd32c54","http://cida.usgs.gov/qa/coastalhazards/csw/?service=CSW&request=GetRecordById&version=2.0.2&typeNames=fgdc:metadata&id=urn:uuid:49b6be2a-ed4a-11e2-8a16-0050569544e0&outputSchema=http://www.opengis.net/cat/csw/csdgm&elementSetName=full","Southeast","storms","2812","http://olga.er.usgs.gov/stpgis/services/Vulnerability/SE_erosion_hazards/MapServer/WFSServer","SE_erosion_hazards:Southeast_Erosion_Hazards","http://olga.er.usgs.gov/stpgis/services/Vulnerability/SE_erosion_hazards/MapServer/WMSServer","0"
"C6d5Dcp","POVW4","[B@75037619","http://cida.usgs.gov/qa/coastalhazards/csw/?service=CSW&request=GetRecordById&version=2.0.2&typeNames=fgdc:metadata&id=urn:uuid:49b6be2a-ed4a-11e2-8a16-0050569544e0&outputSchema=http://www.opengis.net/cat/csw/csdgm&elementSetName=full","Southeast","storms","2816","http://olga.er.usgs.gov/stpgis/services/Vulnerability/SE_erosion_hazards/MapServer/WFSServer","SE_erosion_hazards:Southeast_Erosion_Hazards","http://olga.er.usgs.gov/stpgis/services/Vulnerability/SE_erosion_hazards/MapServer/WMSServer","0"
"C6d5F89","PCOL5","[B@363e9f53","http://cida.usgs.gov/qa/coastalhazards/csw/?service=CSW&request=GetRecordById&version=2.0.2&typeNames=fgdc:metadata&id=urn:uuid:49b6be2a-ed4a-11e2-8a16-0050569544e0&outputSchema=http://www.opengis.net/cat/csw/csdgm&elementSetName=full","Southeast","storms","2836","http://olga.er.usgs.gov/stpgis/services/Vulnerability/SE_erosion_hazards/MapServer/WFSServer","SE_erosion_hazards:Southeast_Erosion_Hazards","http://olga.er.usgs.gov/stpgis/services/Vulnerability/SE_erosion_hazards/MapServer/WMSServer","0"
"C6d5Fv1","POVW5","[B@494e1df7","http://cida.usgs.gov/qa/coastalhazards/csw/?service=CSW&request=GetRecordById&version=2.0.2&typeNames=fgdc:metadata&id=urn:uuid:49b6be2a-ed4a-11e2-8a16-0050569544e0&outputSchema=http://www.opengis.net/cat/csw/csdgm&elementSetName=full","Southeast","storms","2840","http://olga.er.usgs.gov/stpgis/services/Vulnerability/SE_erosion_hazards/MapServer/WFSServer","SE_erosion_hazards:Southeast_Erosion_Hazards","http://olga.er.usgs.gov/stpgis/services/Vulnerability/SE_erosion_hazards/MapServer/WMSServer","0"
"C6d5Gfw","MEAN1","[B@279168ba","http://cida.usgs.gov/qa/coastalhazards/csw/?service=CSW&request=GetRecordById&version=2.0.2&typeNames=fgdc:metadata&id=urn:uuid:49b6be2a-ed4a-11e2-8a16-0050569544e0&outputSchema=http://www.opengis.net/cat/csw/csdgm&elementSetName=full","Southeast","storms","2848","http://olga.er.usgs.gov/stpgis/services/Vulnerability/SE_erosion_hazards/MapServer/WFSServer","SE_erosion_hazards:Southeast_Erosion_Hazards","http://olga.er.usgs.gov/stpgis/services/Vulnerability/SE_erosion_hazards/MapServer/WMSServer","0"
"C6d5GDe","MEAN2","[B@3b729fa1","http://cida.usgs.gov/qa/coastalhazards/csw/?service=CSW&request=GetRecordById&version=2.0.2&typeNames=fgdc:metadata&id=urn:uuid:49b6be2a-ed4a-11e2-8a16-0050569544e0&outputSchema=http://www.opengis.net/cat/csw/csdgm&elementSetName=full","Southeast","storms","2852","http://olga.er.usgs.gov/stpgis/services/Vulnerability/SE_erosion_hazards/MapServer/WFSServer","SE_erosion_hazards:Southeast_Erosion_Hazards","http://olga.er.usgs.gov/stpgis/services/Vulnerability/SE_erosion_hazards/MapServer/WMSServer","0"
"C6d5H2n","MEAN3","[B@624e2184","http://cida.usgs.gov/qa/coastalhazards/csw/?service=CSW&request=GetRecordById&version=2.0.2&typeNames=fgdc:metadata&id=urn:uuid:49b6be2a-ed4a-11e2-8a16-0050569544e0&outputSchema=http://www.opengis.net/cat/csw/csdgm&elementSetName=full","Southeast","storms","2856","http://olga.er.usgs.gov/stpgis/services/Vulnerability/SE_erosion_hazards/MapServer/WFSServer","SE_erosion_hazards:Southeast_Erosion_Hazards","http://olga.er.usgs.gov/stpgis/services/Vulnerability/SE_erosion_hazards/MapServer/WMSServer","0"
"C6d5HpY","MEAN4","[B@777a9387","http://cida.usgs.gov/qa/coastalhazards/csw/?service=CSW&request=GetRecordById&version=2.0.2&typeNames=fgdc:metadata&id=urn:uuid:49b6be2a-ed4a-11e2-8a16-0050569544e0&outputSchema=http://www.opengis.net/cat/csw/csdgm&elementSetName=full","Southeast","storms","2860","http://olga.er.usgs.gov/stpgis/services/Vulnerability/SE_erosion_hazards/MapServer/WFSServer","SE_erosion_hazards:Southeast_Erosion_Hazards","http://olga.er.usgs.gov/stpgis/services/Vulnerability/SE_erosion_hazards/MapServer/WMSServer","0"
"C6d5HNh","MEAN5","[B@106bc159","http://cida.usgs.gov/qa/coastalhazards/csw/?service=CSW&request=GetRecordById&version=2.0.2&typeNames=fgdc:metadata&id=urn:uuid:49b6be2a-ed4a-11e2-8a16-0050569544e0&outputSchema=http://www.opengis.net/cat/csw/csdgm&elementSetName=full","Southeast","storms","2864","http://olga.er.usgs.gov/stpgis/services/Vulnerability/SE_erosion_hazards/MapServer/WFSServer","SE_erosion_hazards:Southeast_Erosion_Hazards","http://olga.er.usgs.gov/stpgis/services/Vulnerability/SE_erosion_hazards/MapServer/WMSServer","0"
"C6d5Jcj","EXTREME1","[B@1262c27b","http://cida.usgs.gov/qa/coastalhazards/csw/?service=CSW&request=GetRecordById&version=2.0.2&typeNames=fgdc:metadata&id=urn:uuid:49b6be2a-ed4a-11e2-8a16-0050569544e0&outputSchema=http://www.opengis.net/cat/csw/csdgm&elementSetName=full","Southeast","storms","2868","http://olga.er.usgs.gov/stpgis/services/Vulnerability/SE_erosion_hazards/MapServer/WFSServer","SE_erosion_hazards:Southeast_Erosion_Hazards","http://olga.er.usgs.gov/stpgis/services/Vulnerability/SE_erosion_hazards/MapServer/WMSServer","0"
"C6d5JyC","EXTREME2","[B@11ce22ab","http://cida.usgs.gov/qa/coastalhazards/csw/?service=CSW&request=GetRecordById&version=2.0.2&typeNames=fgdc:metadata&id=urn:uuid:49b6be2a-ed4a-11e2-8a16-0050569544e0&outputSchema=http://www.opengis.net/cat/csw/csdgm&elementSetName=full","Southeast","storms","2872","http://olga.er.usgs.gov/stpgis/services/Vulnerability/SE_erosion_hazards/MapServer/WFSServer","SE_erosion_hazards:Southeast_Erosion_Hazards","http://olga.er.usgs.gov/stpgis/services/Vulnerability/SE_erosion_hazards/MapServer/WMSServer","0"
"C6d5JXg","EXTREME3","[B@744611ae","http://cida.usgs.gov/qa/coastalhazards/csw/?service=CSW&request=GetRecordById&version=2.0.2&typeNames=fgdc:metadata&id=urn:uuid:49b6be2a-ed4a-11e2-8a16-0050569544e0&outputSchema=http://www.opengis.net/cat/csw/csdgm&elementSetName=full","Southeast","storms","2876","http://olga.er.usgs.gov/stpgis/services/Vulnerability/SE_erosion_hazards/MapServer/WFSServer","SE_erosion_hazards:Southeast_Erosion_Hazards","http://olga.er.usgs.gov/stpgis/services/Vulnerability/SE_erosion_hazards/MapServer/WMSServer","0"
"C6d5KjR","EXTREME4","[B@2432f225","http://cida.usgs.gov/qa/coastalhazards/csw/?service=CSW&request=GetRecordById&version=2.0.2&typeNames=fgdc:metadata&id=urn:uuid:49b6be2a-ed4a-11e2-8a16-0050569544e0&outputSchema=http://www.opengis.net/cat/csw/csdgm&elementSetName=full","Southeast","storms","2880","http://olga.er.usgs.gov/stpgis/services/Vulnerability/SE_erosion_hazards/MapServer/WFSServer","SE_erosion_hazards:Southeast_Erosion_Hazards","http://olga.er.usgs.gov/stpgis/services/Vulnerability/SE_erosion_hazards/MapServer/WMSServer","0"
"C6d5KGZ","EXTREME5","[B@cb76db4","http://cida.usgs.gov/qa/coastalhazards/csw/?service=CSW&request=GetRecordById&version=2.0.2&typeNames=fgdc:metadata&id=urn:uuid:49b6be2a-ed4a-11e2-8a16-0050569544e0&outputSchema=http://www.opengis.net/cat/csw/csdgm&elementSetName=full","Southeast","storms","2884","http://olga.er.usgs.gov/stpgis/services/Vulnerability/SE_erosion_hazards/MapServer/WFSServer","SE_erosion_hazards:Southeast_Erosion_Hazards","http://olga.er.usgs.gov/stpgis/services/Vulnerability/SE_erosion_hazards/MapServer/WMSServer","0"
"C6d8mE6","DHIGH","[B@5e834af1","http://cida.usgs.gov/qa/coastalhazards/csw/?service=CSW&request=GetRecordById&version=2.0.2&typeNames=fgdc:metadata&id=urn:uuid:8af6f430-ed4b-11e2-9cf4-0050569544e0&outputSchema=http://www.opengis.net/cat/csw/csdgm&elementSetName=full","Gulf of Mexico","storms","2897","http://olga.er.usgs.gov/stpgis/services/Vulnerability/GOM_erosion_hazards/MapServer/WFSServer","GOM_erosion_hazards:Gulf_of_Mexico_Erosion_Hazards","http://olga.er.usgs.gov/stpgis/services/Vulnerability/GOM_erosion_hazards/MapServer/WMSServer","0"
"C6d8n4E","DLOW","[B@7dad44b0","http://cida.usgs.gov/qa/coastalhazards/csw/?service=CSW&request=GetRecordById&version=2.0.2&typeNames=fgdc:metadata&id=urn:uuid:8af6f430-ed4b-11e2-9cf4-0050569544e0&outputSchema=http://www.opengis.net/cat/csw/csdgm&elementSetName=full","Gulf of Mexico","storms","2901","http://olga.er.usgs.gov/stpgis/services/Vulnerability/GOM_erosion_hazards/MapServer/WFSServer","GOM_erosion_hazards:Gulf_of_Mexico_Erosion_Hazards","http://olga.er.usgs.gov/stpgis/services/Vulnerability/GOM_erosion_hazards/MapServer/WMSServer","0"
"C6d8ntL","MEAN1","[B@7a78bf45","http://cida.usgs.gov/qa/coastalhazards/csw/?service=CSW&request=GetRecordById&version=2.0.2&typeNames=fgdc:metadata&id=urn:uuid:8af6f430-ed4b-11e2-9cf4-0050569544e0&outputSchema=http://www.opengis.net/cat/csw/csdgm&elementSetName=full","Gulf of Mexico","storms","2905","http://olga.er.usgs.gov/stpgis/services/Vulnerability/GOM_erosion_hazards/MapServer/WFSServer","GOM_erosion_hazards:Gulf_of_Mexico_Erosion_Hazards","http://olga.er.usgs.gov/stpgis/services/Vulnerability/GOM_erosion_hazards/MapServer/WMSServer","0"
"C6d8nUP","MEAN2","[B@d5589d4","http://cida.usgs.gov/qa/coastalhazards/csw/?service=CSW&request=GetRecordById&version=2.0.2&typeNames=fgdc:metadata&id=urn:uuid:8af6f430-ed4b-11e2-9cf4-0050569544e0&outputSchema=http://www.opengis.net/cat/csw/csdgm&elementSetName=full","Gulf of Mexico","storms","2909","http://olga.er.usgs.gov/stpgis/services/Vulnerability/GOM_erosion_hazards/MapServer/WFSServer","GOM_erosion_hazards:Gulf_of_Mexico_Erosion_Hazards","http://olga.er.usgs.gov/stpgis/services/Vulnerability/GOM_erosion_hazards/MapServer/WMSServer","0"
"C6d8ont","MEAN3","[B@6acbc422","http://cida.usgs.gov/qa/coastalhazards/csw/?service=CSW&request=GetRecordById&version=2.0.2&typeNames=fgdc:metadata&id=urn:uuid:8af6f430-ed4b-11e2-9cf4-0050569544e0&outputSchema=http://www.opengis.net/cat/csw/csdgm&elementSetName=full","Gulf of Mexico","storms","2913","http://olga.er.usgs.gov/stpgis/services/Vulnerability/GOM_erosion_hazards/MapServer/WFSServer","GOM_erosion_hazards:Gulf_of_Mexico_Erosion_Hazards","http://olga.er.usgs.gov/stpgis/services/Vulnerability/GOM_erosion_hazards/MapServer/WMSServer","0"
"C6d8oH1","MEAN4","[B@67b9caf4","http://cida.usgs.gov/qa/coastalhazards/csw/?service=CSW&request=GetRecordById&version=2.0.2&typeNames=fgdc:metadata&id=urn:uuid:8af6f430-ed4b-11e2-9cf4-0050569544e0&outputSchema=http://www.opengis.net/cat/csw/csdgm&elementSetName=full","Gulf of Mexico","storms","2917","http://olga.er.usgs.gov/stpgis/services/Vulnerability/GOM_erosion_hazards/MapServer/WFSServer","GOM_erosion_hazards:Gulf_of_Mexico_Erosion_Hazards","http://olga.er.usgs.gov/stpgis/services/Vulnerability/GOM_erosion_hazards/MapServer/WMSServer","0"
"C6d8p31","MEAN5","[B@56bb8e5f","http://cida.usgs.gov/qa/coastalhazards/csw/?service=CSW&request=GetRecordById&version=2.0.2&typeNames=fgdc:metadata&id=urn:uuid:8af6f430-ed4b-11e2-9cf4-0050569544e0&outputSchema=http://www.opengis.net/cat/csw/csdgm&elementSetName=full","Gulf of Mexico","storms","2921","http://olga.er.usgs.gov/stpgis/services/Vulnerability/GOM_erosion_hazards/MapServer/WFSServer","GOM_erosion_hazards:Gulf_of_Mexico_Erosion_Hazards","http://olga.er.usgs.gov/stpgis/services/Vulnerability/GOM_erosion_hazards/MapServer/WMSServer","0"
"C6d8pqn","EXTREME1","[B@33802b75","http://cida.usgs.gov/qa/coastalhazards/csw/?service=CSW&request=GetRecordById&version=2.0.2&typeNames=fgdc:metadata&id=urn:uuid:8af6f430-ed4b-11e2-9cf4-0050569544e0&outputSchema=http://www.opengis.net/cat/csw/csdgm&elementSetName=full","Gulf of Mexico","storms","2925","http://olga.er.usgs.gov/stpgis/services/Vulnerability/GOM_erosion_hazards/MapServer/WFSServer","GOM_erosion_hazards:Gulf_of_Mexico_Erosion_Hazards","http://olga.er.usgs.gov/stpgis/services/Vulnerability/GOM_erosion_hazards/MapServer/WMSServer","0"
"C6d8pZe","EXTREME2","[B@23a528bd","http://cida.usgs.gov/qa/coastalhazards/csw/?service=CSW&request=GetRecordById&version=2.0.2&typeNames=fgdc:metadata&id=urn:uuid:8af6f430-ed4b-11e2-9cf4-0050569544e0&outputSchema=http://www.opengis.net/cat/csw/csdgm&elementSetName=full","Gulf of Mexico","storms","2929","http://olga.er.usgs.gov/stpgis/services/Vulnerability/GOM_erosion_hazards/MapServer/WFSServer","GOM_erosion_hazards:Gulf_of_Mexico_Erosion_Hazards","http://olga.er.usgs.gov/stpgis/services/Vulnerability/GOM_erosion_hazards/MapServer/WMSServer","0"
"C6d8qkT","EXTREME3","[B@3015a293","http://cida.usgs.gov/qa/coastalhazards/csw/?service=CSW&request=GetRecordById&version=2.0.2&typeNames=fgdc:metadata&id=urn:uuid:8af6f430-ed4b-11e2-9cf4-0050569544e0&outputSchema=http://www.opengis.net/cat/csw/csdgm&elementSetName=full","Gulf of Mexico","storms","2933","http://olga.er.usgs.gov/stpgis/services/Vulnerability/GOM_erosion_hazards/MapServer/WFSServer","GOM_erosion_hazards:Gulf_of_Mexico_Erosion_Hazards","http://olga.er.usgs.gov/stpgis/services/Vulnerability/GOM_erosion_hazards/MapServer/WMSServer","0"
"C6d8qFq","EXTREME4","[B@5c64798e","http://cida.usgs.gov/qa/coastalhazards/csw/?service=CSW&request=GetRecordById&version=2.0.2&typeNames=fgdc:metadata&id=urn:uuid:8af6f430-ed4b-11e2-9cf4-0050569544e0&outputSchema=http://www.opengis.net/cat/csw/csdgm&elementSetName=full","Gulf of Mexico","storms","2937","http://olga.er.usgs.gov/stpgis/services/Vulnerability/GOM_erosion_hazards/MapServer/WFSServer","GOM_erosion_hazards:Gulf_of_Mexico_Erosion_Hazards","http://olga.er.usgs.gov/stpgis/services/Vulnerability/GOM_erosion_hazards/MapServer/WMSServer","0"
"C6d8r2y","EXTREME5","[B@48688905","http://cida.usgs.gov/qa/coastalhazards/csw/?service=CSW&request=GetRecordById&version=2.0.2&typeNames=fgdc:metadata&id=urn:uuid:8af6f430-ed4b-11e2-9cf4-0050569544e0&outputSchema=http://www.opengis.net/cat/csw/csdgm&elementSetName=full","Gulf of Mexico","storms","2941","http://olga.er.usgs.gov/stpgis/services/Vulnerability/GOM_erosion_hazards/MapServer/WFSServer","GOM_erosion_hazards:Gulf_of_Mexico_Erosion_Hazards","http://olga.er.usgs.gov/stpgis/services/Vulnerability/GOM_erosion_hazards/MapServer/WMSServer","0"
"C6gb9e6","LRR","[B@46fbcc66","http://cida.usgs.gov/qa/coastalhazards/csw/?service=CSW&request=GetRecordById&version=2.0.2&typeNames=fgdc:metadata&id=urn:uuid:da68a130-ed9b-11e2-9cf4-0050569544e0&outputSchema=http://www.opengis.net/cat/csw/csdgm&elementSetName=full","rates","historical","3398","http://cida.usgs.gov/qa/DSASweb/geoserver/ows","gov.usgs.cida.ch.published:NewJerseyN_LT","http://cida.usgs.gov/qa/DSASweb/geoserver/ows","published:NewJerseyN_LT"
